episode_id,split,shard,hdf5_group,steps,success,failure_reason,completion_time_s,total_reward,parallel_batch_index,parallel_env_index,parallel_num_envs,domain_randomization,object_x_m,object_y_m,object_yaw_deg,object_mass_kg,static_friction,dynamic_friction,camera_applied,source_episode_path,source_trajectory_sha256
1,train,shards/shard_00000.h5,/episodes/episode_000001,120,True,none,2.4,6.146170883450395,0,0,128,True,0.5526127132840358,0.04410773338958496,-114.24302649913591,0.13849407980536033,0.5241019510502377,0.4103704610447613,False,episode_000001,10aa03b8e367e4eac2473f3045e5f3eb79085b1506409d36223e883b0ebd98e5
2,train,shards/shard_00000.h5,/episodes/episode_000002,121,True,none,2.42,6.026103907807737,0,1,128,True,0.5818621271556732,-0.08877112276476547,20.8153949722103,0.1967611389690846,0.562260697621529,0.4860181853548439,False,episode_000002,293fe9335ae6bd121b4fd38df536c19c71f6345957d55567c68c891d2e0b4856
3,train,shards/shard_00000.h5,/episodes/episode_000003,120,True,none,2.4,6.1136306240805425,0,2,128,True,0.49169259470054966,-0.10596582943029205,-42.30450300963156,0.12965335896007052,0.5564629946034385,0.4313779534693598,False,episode_000003,ddffe96b9736562aabb1dfb91a695722d07c158c112ffe8752f56ee549918c3a
4,train,shards/shard_00000.h5,/episodes/episode_000004,120,True,none,2.4,6.151524789003815,0,3,128,True,0.5567409194713138,0.02730016784705583,18.68530330074981,0.0991716703311052,0.5948273026616416,0.48688260237285846,False,episode_000004,1c0828c945109d2a5d4c950e4e7bcf5c874823e53059d571f87a51718b9d859d
5,train,shards/shard_00000.h5,/episodes/episode_000005,120,True,none,2.4,6.083955942465764,0,4,128,True,0.49876777421608215,-0.07946506788828858,58.334174180017555,0.058114415219934185,0.5901183323834109,0.41670832699281585,False,episode_000005,0ef08437062f017389a983c179b12ee086980beb19feb128070e8d6a2b3b1020
6,train,shards/shard_00000.h5,/episodes/episode_000006,121,True,none,2.42,6.034512123470449,0,5,128,True,0.5870628982490994,-0.06220501823663924,-43.38190794135397,0.13574527947948858,0.8832834616652759,0.623176862434818,False,episode_000006,1c5e52cf004bba4c89493ee01f762614892a9787558fe9186d71db81b7c7d820
7,validation,shards/shard_00000.h5,/episodes/episode_000007,123,True,none,2.46,6.1341031034171465,0,6,128,True,0.5996127696764424,0.09197130863391165,91.33545618114067,0.11392276331336659,0.8961214865857781,0.6826215730827573,False,episode_000007,639deff2e19a4a21a3b6fdfa468b980a4b29c794b404eded49f8d86140e1d082
8,train,shards/shard_00000.h5,/episodes/episode_000008,124,True,none,2.48,5.936748984037422,0,7,128,True,0.6135145792161663,0.11104104229119699,29.86597226218049,0.09967175822785607,0.9487512725204654,0.8372373188611967,False,episode_000008,786bf38110941a4c833e7d41fcfc162081616438e006da06187df772754901c2
9,test,shards/shard_00000.h5,/episodes/episode_000009,120,True,none,2.4,6.193013106481885,0,8,128,True,0.5114571363140739,0.05763808816486904,-175.16877021083104,0.06831022090847853,0.683695437693971,0.6027666141214739,False,episode_000009,cac012806010012964706f9aaf132e077a3499351c25ca02a16c5f3a2fd3538a
10,train,shards/shard_00000.h5,/episodes/episode_000010,120,True,none,2.4,5.9546081409207545,0,9,128,True,0.5556860438017683,-0.09639775234010023,120.50178724267238,0.16949733715758203,0.6774004468060151,0.5776829728306332,False,episode_000010,e5066bb148207da95791991a6d7c9a19bb185eb016341fa082754bf8027f598a
11,train,shards/shard_00000.h5,/episodes/episode_000011,120,True,none,2.4,6.2023535497173725,0,10,128,True,0.5209030824981541,0.04140634588733652,-86.94419456496954,0.06302274105848032,0.7805499097282294,0.6328909454154786,False,episode_000011,b67c533a098c7b7e12419f8e3a8370d0403ac1da0fec63309802378836268837
12,validation,shards/shard_00000.h5,/episodes/episode_000012,119,True,none,2.38,6.041232439967644,0,11,128,True,0.4918715385675935,0.05274086032680242,-94.94431491965521,0.13320259638145704,0.8300436250162413,0.742124695290087,False,episode_000012,806cf7510a1b1f4a12339790158caa9b4c12421115a113da5ccfd73c9832ec16
13,test,shards/shard_00000.h5,/episodes/episode_000013,119,True,none,2.38,6.178174224882241,0,12,128,True,0.5399583625341638,0.02663847723883181,88.5568053275519,0.06886397673473506,0.9250557461514314,0.7259906430770768,False,episode_000013,d50baec7b4ea75d5f916bcc020ae3711c55765b751aad39ef5031b59f73b97d0
14,test,shards/shard_00000.h5,/episodes/episode_000014,123,True,none,2.46,6.173037671586826,0,13,128,True,0.6031574538458859,-0.057160607393919385,-67.27046667939287,0.19055682281718628,0.8223164904475702,0.6600692172246789,False,episode_000014,97f4973e81ed667ea35022a2afed3565e686f461ed534efa2ab0f120f0853a3d
15,test,shards/shard_00000.h5,/episodes/episode_000015,120,True,none,2.4,6.083321210692702,0,14,128,True,0.5372248826094242,-0.09052306721044863,-77.98253245313475,0.19077192558042733,0.7711581819675769,0.6946024705467535,False,episode_000015,706a7a1e65639c4aa95d0a04b54f6b2efb0219bb35d894dfe0f9088b4546644f
16,train,shards/shard_00000.h5,/episodes/episode_000016,120,True,none,2.4,6.206406835552116,0,15,128,True,0.5062873990333511,-0.04863432090508503,-74.38846586880481,0.1896828901673424,0.6910663628814059,0.5535915823348194,False,episode_000016,9e5d1e316d5074fb544da97d79efe77388583e29601334f2fad66f09ecd16931
17,train,shards/shard_00000.h5,/episodes/episode_000017,121,True,none,2.42,6.030913604417947,0,16,128,True,0.5920761043149471,0.026368547655288427,163.72400527456563,0.1351794859204521,0.7786563470371664,0.5955810496972916,False,episode_000017,3d09ca7266e56e75b4fa252376c63fd6f067bf674007e736246f4d11e50bedb2
18,train,shards/shard_00000.h5,/episodes/episode_000018,122,True,none,2.44,6.157300714252415,0,17,128,True,0.5866922207626213,0.11423861669492572,-6.061501461423234,0.07066236522934442,0.7125829265365963,0.6360847778777255,False,episode_000018,45175b79e8e777f5e4654df2dcee37f7cef71552b72806c29eca80cca0627385
19,train,shards/shard_00000.h5,/episodes/episode_000019,120,True,none,2.4,6.131698464248984,0,18,128,True,0.5013121278541693,-0.00833179168495446,-50.74989512391693,0.10459960859798746,0.4708099506246472,0.3815369217912584,False,episode_000019,c4038fc44c358c568fa4066e925e902c861fdf02553827c61dec59a2f270c3e8
20,validation,shards/shard_00000.h5,/episodes/episode_000020,123,True,none,2.46,6.153892042048938,0,19,128,True,0.6016004109624675,0.042413164819741306,131.4284328215038,0.17827799853986848,0.6888910092008323,0.6108972776950182,False,episode_000020,865dc87a5ba0bcc09eeadb7d5d5197a233dd85a7b464cf0f8ccbc2ff54f68e23
21,train,shards/shard_00000.h5,/episodes/episode_000021,120,True,none,2.4,6.114255443075308,0,20,128,True,0.5663598813563233,0.05904419644917508,-166.8511303577312,0.19257565005431299,0.849517548446862,0.7935560611746334,False,episode_000021,9c91bdd2e1e93e16a7dfda192e34df1b6282f07f0bf662b3b3eb926806fca5b2
22,train,shards/shard_00000.h5,/episodes/episode_000022,123,True,none,2.46,6.130043453990766,0,21,128,True,0.6091034074993272,0.08989538123743337,-156.59592412350898,0.07915679820863067,0.8870166615332862,0.8033397636058016,False,episode_000022,8a13e70bbf4d40273fda90b5dd9eec6d8b0c98c9a2eaa2fe54f925df3732d710
23,validation,shards/shard_00000.h5,/episodes/episode_000023,123,True,none,2.46,5.989467880024677,0,22,128,True,0.6077465834520144,-0.030659611987045976,-146.4243652972757,0.19523764108445235,0.9094215946199857,0.8343031471705337,False,episode_000023,632d9607617ab8d3bb325bfc5480437ab68506e01e7d4a3e1af7879dfa45ab7d
24,train,shards/shard_00000.h5,/episodes/episode_000024,121,True,none,2.42,6.032880294954339,0,23,128,True,0.5607911863297704,-0.11033891101964312,-129.47457984091608,0.092193938740397,0.8571933684928599,0.7456726328103793,False,episode_000024,f17d40edf60cf9707408c711101721e2a8b31fe3966f1e33ffc5b0a3463467f9
25,train,shards/shard_00000.h5,/episodes/episode_000025,120,True,none,2.4,6.167010083569039,0,24,128,True,0.5023091593956477,0.07825203462437139,111.02215183089027,0.09613294886434497,0.7029533320333377,0.5411047098756618,False,episode_000025,aae1ebe271e47fc1639e5a83d590ee31370b3f0d2ca9b68f19ce3c05838d96f8
26,train,shards/shard_00000.h5,/episodes/episode_000026,120,True,none,2.4,6.082221449860299,0,25,128,True,0.5617616379675068,0.09227495690963358,-2.3954146799590035,0.11148880820511115,0.682609916866451,0.6397475207911696,False,episode_000026,6fd7dbd6a9eb6e3a1a7571d87e5cb5608695a1d3aea841851f5df230366a2b76
27,train,shards/shard_00000.h5,/episodes/episode_000027,120,True,none,2.4,6.12768220554608,0,26,128,True,0.5167584884037202,-0.0601728950990098,-33.17094931035393,0.18082183597178464,0.8802086039565886,0.7007670207001339,False,episode_000027,d09c8cc0c81c276c81425f6f05974641827975c46100bf013e56ebb5c22c9baf
28,train,shards/shard_00000.h5,/episodes/episode_000028,120,True,none,2.4,6.195801766998557,0,27,128,True,0.5065337344389893,-0.057705451073556444,165.15284402272533,0.1221971886669169,0.6480661843972799,0.5177329187522087,False,episode_000028,2f24a7b4a172f3533de574840c15416aad5eb1fdd47135cf4d5f91f4af9afd9c
29,train,shards/shard_00000.h5,/episodes/episode_000029,120,True,none,2.4,6.157040808115198,0,28,128,True,0.5078236935535944,0.08437210414064591,99.12827927878618,0.17818573804118715,0.6540515978856216,0.5410099863035741,False,episode_000029,fb203c3538dbec022c4fa3f5c29a97299d1c89f03857f6d1cc478b9c32011809
30,train,shards/shard_00000.h5,/episodes/episode_000030,124,True,none,2.48,5.949134861341008,0,29,128,True,0.598459915376775,0.047616820715935454,-141.72086065706563,0.14652431322797208,0.4979780150467543,0.3827232679391278,False,episode_000030,0e3b8a4b89aa9105134cbefbc4afc9ea02b0da3f204a350a833d90c3bb6b2390
31,train,shards/shard_00000.h5,/episodes/episode_000031,121,True,none,2.42,6.0329007659884155,0,30,128,True,0.5740329103636171,-0.11498009025618106,-5.002740392814843,0.054828961191986575,0.8003105968587478,0.6202836467574857,False,episode_000031,d3176eb73af4cb35b3bf3014e0d96e6ba55b6138d5a73dcde9dcfd32165267b1
32,train,shards/shard_00000.h5,/episodes/episode_000032,120,True,none,2.4,6.056030490717603,0,31,128,True,0.5678116444032932,0.09966927051760882,-22.181757604954555,0.07882527889277045,0.503417458207174,0.39495570820297365,False,episode_000032,70db2e5c4c23ee6c5874b3e793eddf3991a1429f2c1c579759fb81180b5488c8
33,train,shards/shard_00000.h5,/episodes/episode_000033,123,True,none,2.46,6.109789704737523,0,32,128,True,0.6091406618291563,0.09582801926389117,70.65134153135267,0.14939734238247165,0.5712342473801161,0.4219349644033769,False,episode_000033,c9690f6d6b74318d6dbed7b82027e47821c167fd90fd50b7ce7544daaddedb0b
34,train,shards/shard_00000.h5,/episodes/episode_000034,120,True,none,2.4,6.060597228633014,0,33,128,True,0.550612031639336,0.10434098460071028,-69.0344583213096,0.16080548650376286,0.6431856516924023,0.48161370071152265,False,episode_000034,aa3749aae581340b0dfb03490390688e393f4a9dda87f579f010c1308a3d2869
35,train,shards/shard_00000.h5,/episodes/episode_000035,123,True,none,2.46,6.108804720440276,0,34,128,True,0.6069853568830673,-0.09447433875933522,-80.92354301652655,0.06919212011262778,0.5619847037406812,0.44278954806453147,False,episode_000035,cc8195e4de430edaa8e0652c379a1267949ef47358489970deae429c614d5ead
36,validation,shards/shard_00000.h5,/episodes/episode_000036,120,True,none,2.4,5.9591089494024345,0,35,128,True,0.5602435040354617,0.01093895576080714,28.45866767478094,0.07257237332661676,0.4778169143688801,0.3374425739161871,False,episode_000036,344be4a8b31c07bdd9cd06eb8ecd28be16f169e1006e5eb096e5abea3c8e58f3
37,test,shards/shard_00000.h5,/episodes/episode_000037,124,True,none,2.48,5.916096969837781,0,36,128,True,0.6158043173581372,-0.10371178516808777,-59.5966456954168,0.19285509876815354,0.8808305286636101,0.7854337877544042,False,episode_000037,b9633e098bdaa69ff6669a1277b61e3f1f2e82ccb154ebf075735a9c883a6894
38,train,shards/shard_00000.h5,/episodes/episode_000038,119,True,none,2.38,6.176115928865329,0,37,128,True,0.5379594888401604,0.02439659707873143,-177.38739634983662,0.1456092953705313,0.7634208360621746,0.7136559369653998,False,episode_000038,20e0e92b82e500bbc6797d268536e2a43961fc38e97c2e9c214cb0f8522e492b
39,train,shards/shard_00000.h5,/episodes/episode_000039,121,True,none,2.42,5.999883060581851,0,38,128,True,0.5744338922298442,-0.02348379552964061,149.1981995795386,0.06443619343881299,0.7291512324636802,0.6723230937352892,False,episode_000039,320b74d2ce0bf37700e272c57f918261ef87faed24155111d79ce5eb9116aa36
40,train,shards/shard_00000.h5,/episodes/episode_000040,123,True,none,2.46,6.186325630053034,0,39,128,True,0.6110572964629802,-0.016009490741094035,-2.630670398092434,0.19275065311220568,0.6221330932119804,0.44363879679584883,False,episode_000040,045a7adc6a7089a3ac3063f0bf3ff522047463fc0394dd669eacdeb7ba551968
41,train,shards/shard_00000.h5,/episodes/episode_000041,121,True,none,2.42,6.018924046525171,0,40,128,True,0.5871812527768144,0.053040971940232995,-20.485187427671775,0.07087331268533692,0.7652880754321959,0.5951565463594175,False,episode_000041,92820b300e0f93422802216c7388b15ed06cd671c226dbc8aa8f715a214e52aa
42,validation,shards/shard_00000.h5,/episodes/episode_000042,120,True,none,2.4,6.176527698791688,0,41,128,True,0.5177510004109516,0.07368059036971572,163.91843938683013,0.06670214653871262,0.7595872612018961,0.6959931752619343,False,episode_000042,869fb017e86576a074d7beb61e3e4da2aec8b62e65615854f1e2a519ebe8c7e2
43,train,shards/shard_00000.h5,/episodes/episode_000043,119,True,none,2.38,6.059943361404294,0,42,128,True,0.4866723833371565,-0.022557983972600948,-135.85213580637182,0.08936755143693673,0.7477224522829933,0.6542288415070459,False,episode_000043,94e238d9c5a9af49510c059e28e6f2da95b4b26e61ab865500275c8c9f1d478f
44,train,shards/shard_00000.h5,/episodes/episode_000044,120,True,none,2.4,6.146321029740648,0,43,128,True,0.49912679668056803,0.01418887492163326,-122.87156987990267,0.09978483083312256,0.689107770289675,0.5833694653304824,False,episode_000044,4cf56ff632e4871b618830ed2599c9d055e181a867e501a1279a9248bb2cb79d
45,train,shards/shard_00000.h5,/episodes/episode_000045,121,True,none,2.42,6.095493690816511,0,44,128,True,0.5748864141668784,-0.0001962917715227358,166.14295731053755,0.05585443967899445,0.7148689627347393,0.6758790816864608,False,episode_000045,ca66d48cdc4edfebac9dfbb3dd5871bf5a45bf08f48972700e78d05727e843d3
46,train,shards/shard_00000.h5,/episodes/episode_000046,120,True,none,2.4,6.019096973110209,0,45,128,True,0.5195801809259417,0.0612345404414526,-36.108966300059194,0.19142938743442944,0.4562486341242128,0.4102710995458254,False,episode_000046,4550a62f838c8735d4ee7b9cc8282d5081ebd1716e7cb3184bf5e639d7f84db7
47,train,shards/shard_00000.h5,/episodes/episode_000047,121,True,none,2.42,6.014629453406087,0,46,128,True,0.5600426454074223,-0.05203614038327721,36.43440048914201,0.19570994901139527,0.6710445956306204,0.6202995597271797,False,episode_000047,c56fc3291e069d4804f5feb3eada9e92ee090c4f929c6e8ce8a9f48a5f65c49f
48,validation,shards/shard_00000.h5,/episodes/episode_000048,120,True,none,2.4,6.170688660959058,0,47,128,True,0.5296559906884916,0.04223243887615061,-157.62201622925772,0.16823580908345234,0.9416259382038472,0.8541344097726231,False,episode_000048,dc2a1c03dbd88bd18e71543a768e8371195cb06d11397ef68d867fe0d6628a9d
49,train,shards/shard_00000.h5,/episodes/episode_000049,120,True,none,2.4,6.191696929230602,0,48,128,True,0.5250591119776712,-0.04616770123803764,-154.24160643966528,0.11951360977916736,0.7956437938169542,0.5929712837214365,False,episode_000049,3401e3278af13aedd393e9e7a761e421b4fe5ca73bbed9c2551d3c83cd3fd84f
50,validation,shards/shard_00000.h5,/episodes/episode_000050,120,True,none,2.4,6.0017105201386585,0,49,128,True,0.5001610161633854,0.11016902962139424,121.27818757637579,0.13777002912859546,0.7815791382162314,0.6744469359111109,False,episode_000050,da87210ca2431ffe781c2f6c4e718cf3a7ad31a5166e7a1549faa54df83d743f
51,train,shards/shard_00000.h5,/episodes/episode_000051,122,True,none,2.44,6.036973520936044,0,50,128,True,0.5943933219097287,0.0027621740272864292,-33.830762956909695,0.10760973226580509,0.8851604447897778,0.6868362818367678,False,episode_000051,7629773eb023e531d9290415945501db275aaa0760343ace3a7240924dc49a10
52,train,shards/shard_00000.h5,/episodes/episode_000052,119,True,none,2.38,6.063475195598585,0,51,128,True,0.48962182067867965,-0.007438707740157355,-136.17150980323103,0.15297534459206075,0.720776087947085,0.540031042619359,False,episode_000052,1e37519d85bcf79ed4273bc69e0fca8d92695d0d207e86ca075b9cf7531b4514
53,train,shards/shard_00000.h5,/episodes/episode_000053,123,True,none,2.46,6.1114163536149135,0,52,128,True,0.6069799865355078,0.1035452557697934,-92.85342699485902,0.11978265806888057,0.6850153481623266,0.6143478419529079,False,episode_000053,5d9438210f9f8db039fd3bdd1078c0e7241d0600cf9d9685a35db936dd567d3d
54,test,shards/shard_00000.h5,/episodes/episode_000054,120,True,none,2.4,6.02701858114051,0,53,128,True,0.5548027758146084,-0.0009184571344190567,-127.39341483000575,0.188682971218662,0.9023720412348055,0.8119443072139833,False,episode_000054,84ff0611dc04e433b65d2a8162e682fe57afe9e4501d99910b0f48ee7aa02b87
55,validation,shards/shard_00000.h5,/episodes/episode_000055,120,True,none,2.4,6.116670075387447,0,54,128,True,0.5472581528288153,-0.039883500878689485,149.8410361642364,0.09846926867382474,0.7935029563550652,0.7304758722239392,False,episode_000055,0f6623a9d1626886a470e553ddbc50a815782d9462fdc36084aa8c0c0f5fa31a
56,train,shards/shard_00000.h5,/episodes/episode_000056,120,True,none,2.4,6.202997585092817,0,55,128,True,0.4997376731706915,0.04605322500369652,87.16663237303385,0.15930153049158036,0.5190842915765225,0.39873697448248835,False,episode_000056,0068e1bc0f3a63ea025cb0ace15fc265c9f43ef4495b48e8e1b7e2d80158e688
57,train,shards/shard_00000.h5,/episodes/episode_000057,120,True,none,2.4,6.0575504178605115,0,56,128,True,0.5590760675240708,-0.10941443767959375,12.408099542813062,0.05994721093127643,0.9076171943921183,0.6406571439392382,False,episode_000057,529133671c757802e92e88cf3d7c5508cc454392e2baa05eb70eff08757b24f8
58,train,shards/shard_00000.h5,/episodes/episode_000058,120,True,none,2.4,6.0851875735888825,0,57,128,True,0.5370101953003714,-0.10837943063493712,-178.26351264651302,0.05196676117212384,0.7161323629401937,0.5946310457456306,False,episode_000058,257bb5fccaaed8e2d26f128e29445c3e9d359a24652a9f31a1abfa51a2c55f55
59,train,shards/shard_00000.h5,/episodes/episode_000059,121,True,none,2.42,6.123902516690578,0,58,128,True,0.5807272219326874,-0.009814526665962123,-93.24213516287695,0.14370357413104717,0.7312905119897644,0.618588899423509,False,episode_000059,12498ba0372d457ee03f718e3b5655c63e2d884f3df2f846912b3eacb16fddf0
60,train,shards/shard_00000.h5,/episodes/episode_000060,120,True,none,2.4,6.179677259285199,0,59,128,True,0.5302523040038309,0.06284291998997049,21.997686742518397,0.06041671498728379,0.897039649879631,0.651915944582613,False,episode_000060,6ee8a369df65cbca33f8102f0ad27055bee1c3379cacd0f3d714abc672c20967
61,train,shards/shard_00000.h5,/episodes/episode_000061,123,True,none,2.46,6.145709898739369,0,60,128,True,0.5936722189772343,-0.09576726013648419,45.30864076804397,0.05799892580791541,0.9334088819222083,0.8277037108783369,False,episode_000061,061620b9ae73d4f6ddaff84b5a2c66b96230aa21f4fd45cae901238cfb3b02be
62,train,shards/shard_00000.h5,/episodes/episode_000062,119,True,none,2.38,6.045861905138736,0,61,128,True,0.49202293215309173,-0.03658971759299137,-14.254522219093673,0.19514795275052993,0.8721743828583843,0.7154228810306513,False,episode_000062,66db9d0a19cad5107c956df62c7316c3bf270a15603b5f6f6f7c32acae053f9b
63,train,shards/shard_00000.h5,/episodes/episode_000063,123,True,none,2.46,6.049896889247066,0,62,128,True,0.6105456275981799,0.1175311865799773,-166.26824155976968,0.17782127207100223,0.8640641599708805,0.613553311406507,False,episode_000063,8c98e4c26a53872f7d5885f981bc34088667461c31c8c328d1434b4330fbbc6b
64,train,shards/shard_00000.h5,/episodes/episode_000064,119,True,none,2.38,6.013083818646919,0,63,128,True,0.48293740212603364,0.06737512834854698,133.87018740879802,0.19171550020711725,0.803352020523566,0.6300792018949749,False,episode_000064,44c40cde9c82f1e0df6854afee6b4998eff7c403c29461cb36ebc0912a9cb0c3
65,validation,shards/shard_00001.h5,/episodes/episode_000065,121,True,none,2.42,6.081356757930735,0,64,128,True,0.5884345608213822,0.03071143689525177,-159.72876770617364,0.15464744186548707,0.5138905594564187,0.3626168708119118,False,episode_000065,3a2fe9a28553ccdef41a6d2149c41e726d62a5a59c46154bc2bb61c1389c8d9f
66,test,shards/shard_00001.h5,/episodes/episode_000066,120,True,none,2.4,6.017872015894682,0,65,128,True,0.5519998156814951,-0.033559799338900964,-31.16700121707686,0.18254185975862358,0.575277601891157,0.5158659750066809,False,episode_000066,6995f2dec78c6d2eb7c2fa0304456cd6f3e43ddb948d512e3d8bbc88696cc626
67,test,shards/shard_00001.h5,/episodes/episode_000067,124,True,none,2.48,6.026846490229218,0,66,128,True,0.6120454440367009,0.0061026651964098955,54.7235871151434,0.07082695983150916,0.7016555582348906,0.5337263068810771,False,episode_000067,b5aa72d9b05ab5be2a5a3fcc6e194f001a4bd5968da756e85cf29f6a749dbda8
68,train,shards/shard_00001.h5,/episodes/episode_000068,120,True,none,2.4,6.155631397423349,0,67,128,True,0.4860054387723972,0.02755386917922495,27.938742998552044,0.11556094789175397,0.6895119263624697,0.50591319502921,False,episode_000068,49f4a31a181fca11f89d4fb8e36a282f884e635e23245fc220b0060b89bb8c70
69,train,shards/shard_00001.h5,/episodes/episode_000069,120,True,none,2.4,6.220340949299498,0,68,128,True,0.5093718043521224,0.01888415066165064,158.53428194958616,0.16010176836682155,0.4859707019500346,0.45318273668535064,False,episode_000069,a29a6333eb1eeb8401a7df18ab716aca608cd3c7094e38f63be7e6868684a2fd
70,train,shards/shard_00001.h5,/episodes/episode_000070,120,True,none,2.4,6.137673086446739,0,69,128,True,0.5372363555390661,0.01779693883474401,119.91567375153625,0.19449247265373382,0.7526917275941561,0.5801451847198529,False,episode_000070,7da2adf0ebcf4676eb6ee4bb1589b9f4b4c9b186d7720716163eccf5b8a9a353
71,train,shards/shard_00001.h5,/episodes/episode_000071,120,True,none,2.4,6.16749694243299,0,70,128,True,0.5501731942560776,-0.03769605686711042,86.86744793144032,0.05576074705183276,0.8661470256489743,0.7882301332024706,False,episode_000071,ae46d8d1b3f783949f727a67f1fe94a424f4bf1bdfef3be13d3c97ef82000841
72,train,shards/shard_00001.h5,/episodes/episode_000072,120,True,none,2.4,5.982084403289264,0,71,128,True,0.5206823743065048,0.10139105445815666,117.20985557174981,0.09152131270685707,0.5302318203651942,0.48889925507975657,False,episode_000072,3d5ecb3625125a87929cbe8a18c3b1a73306a634344931778c30d3ae12ebaf98
73,train,shards/shard_00001.h5,/episodes/episode_000073,120,True,none,2.4,6.110914070928629,0,72,128,True,0.5197813046238349,-0.09816254193465693,-41.71545228454087,0.16475117166648218,0.515282372403314,0.44905316354695113,False,episode_000073,0216ba75fa7d35117d69d99d97296ac7308af896400cc27142a4d26c4061926a
74,train,shards/shard_00001.h5,/episodes/episode_000074,120,True,none,2.4,6.155199135948351,0,73,128,True,0.5489143208108315,-0.01116839653284224,-42.95997828197977,0.07521678882094321,0.8229700058235087,0.7534656065832966,False,episode_000074,16a0769a36b0a5b06a11492d1b309a5c27123476f25d187e17f5ac75a398e3d4
75,train,shards/shard_00001.h5,/episodes/episode_000075,120,True,none,2.4,6.159966960771271,0,74,128,True,0.5129237130076463,-0.09512050033782196,86.75688509808151,0.07824159246598944,0.4753223360454983,0.41395366439583403,False,episode_000075,fb018b4a1dbd36e39da86abb33ce7fb5df33b3d7eddcd7a80aaf06040f7ce0a2
76,train,shards/shard_00001.h5,/episodes/episode_000076,119,True,none,2.38,6.020257003767256,0,75,128,True,0.4843535363515406,-0.07608168053743175,-160.4654019654351,0.07149875792235666,0.5358292034855507,0.38478080572034756,False,episode_000076,14d809c99fd03b057cbf79277108f657c615952a23a1e4ae090e91c5d1a7029d
77,train,shards/shard_00001.h5,/episodes/episode_000077,119,True,none,2.38,6.065093165307189,0,76,128,True,0.5296793302898347,0.10481653148889877,-12.417794573370713,0.1941900690782028,0.8824543317892752,0.731559790115066,False,episode_000077,f4dcb682dd45fb562731ba439f7eab871871ce53e254a71843781001b4aa7138
78,test,shards/shard_00001.h5,/episodes/episode_000078,123,True,none,2.46,6.1750751247591324,0,77,128,True,0.6054727313006224,-0.011336411695187468,-80.35730621239107,0.1373336959478494,0.7053888580882519,0.5165580095246558,False,episode_000078,98789a19afafb109846b6d1aecf58f5e83802d1193f5248fceb93def1d671ba7
79,train,shards/shard_00001.h5,/episodes/episode_000079,120,True,none,2.4,6.115309588331002,0,78,128,True,0.5544274229284076,0.07195864741018451,-68.43962546779015,0.16356295128927378,0.9350466867044058,0.8856802577146505,False,episode_000079,70a3145cb6f606c969cc11be80a053a078bac3ed4021a843452cb2cefecdac4d
80,train,shards/shard_00001.h5,/episodes/episode_000080,123,True,none,2.46,6.203212393450485,0,79,128,True,0.6086094913870548,0.00280763814933338,-68.58056081665144,0.07085948192349083,0.9386311018002689,0.7741731877734482,False,episode_000080,a2d16d62505d3f0ffeced78763cf938f47b628fdd3cd71b4195e4240881e110d
81,train,shards/shard_00001.h5,/episodes/episode_000081,124,True,none,2.48,6.0194683956669905,0,80,128,True,0.6097598023859168,0.07690536705977977,-60.35820530691876,0.08530849618804386,0.634798918321187,0.5099771786352789,False,episode_000081,8846d9026eb225f8007358b113eeea422cbe2ea09c18526bb45e86c07cd58e3a
82,train,shards/shard_00001.h5,/episodes/episode_000082,121,True,none,2.42,6.082405539708816,0,81,128,True,0.5933931043336544,0.010358960211304946,-100.6159491869,0.19725359730081077,0.565672205986401,0.519838079452019,False,episode_000082,c7ba1c4f42d3a3c2b12c46240d827a92bf57d29e80940cfb51051fc288d12e2b
83,train,shards/shard_00001.h5,/episodes/episode_000083,119,True,none,2.38,6.176110709046043,0,82,128,True,0.5365843482366711,-0.04355133573036278,85.10374650916395,0.057026538089819036,0.8558032564797523,0.6393423299542367,False,episode_000083,d01c921347bd694b2697d7620f6fa27feed0c7b9d822dc7c3785446bf785b072
84,train,shards/shard_00001.h5,/episodes/episode_000084,120,True,none,2.4,6.121912968466859,0,83,128,True,0.5665923565292548,-0.044584211914685715,-47.49943412935022,0.062410819777025915,0.9251190884400768,0.8043063099656316,False,episode_000084,5646de029a2a38eab6dceacb238405d849468b3df270c30bd79ead1bed6a62ed
85,train,shards/shard_00001.h5,/episodes/episode_000085,119,True,none,2.38,6.026839571168239,0,84,128,True,0.5390643718177339,-0.013898499578929024,-57.06120762985395,0.1532343851227252,0.7079779414423542,0.5200468356912438,False,episode_000085,80d475a117da7ebbc1de1693dedaeeef15ff66133b63dfefebe2e0c28adc4cf8
86,train,shards/shard_00001.h5,/episodes/episode_000086,120,True,none,2.4,6.029712713201661,0,85,128,True,0.49975854348806753,-0.06464640169221779,-53.99840451737931,0.17696496343889118,0.4910740862512119,0.36409158543048153,False,episode_000086,0181adbf3c4979dfc19e6dea0907cdf4dbe3308d4e7b20aab4876b24ad110854
87,train,shards/shard_00001.h5,/episodes/episode_000087,122,True,none,2.44,5.91803313048058,0,86,128,True,0.5846676218530811,-0.09614878557690204,53.176819226269174,0.07942217122196708,0.6819576829955841,0.5806454177235122,False,episode_000087,cc26dd15760fb8cf87a1510582b26278b4729413bb26062a23617f2f912b96ea
88,train,shards/shard_00001.h5,/episodes/episode_000088,120,True,none,2.4,6.215682431757159,0,87,128,True,0.5305664435019519,0.0012226180663025,-160.29808857753056,0.08732010740102963,0.7958042962390248,0.689368424863473,False,episode_000088,d0b8f04a0c00043fd91fe5a6d4d32057ee8a65e5aebeee2fe52cf57cc5b4e2bc
89,train,shards/shard_00001.h5,/episodes/episode_000089,123,True,none,2.46,6.083436089836141,0,88,128,True,0.6147273805838924,0.0815775974561185,-103.94808336462553,0.08186908216220246,0.7913034595194973,0.5581139085368868,False,episode_000089,b4559937481ca03df083ac0cd4f06b76ed16f10419522c95a065aa1cdb667b78
90,train,shards/shard_00001.h5,/episodes/episode_000090,121,True,none,2.42,6.100451785477162,0,89,128,True,0.559101967302534,0.11675715488576086,152.35030901854685,0.1650021292290525,0.7131013081410456,0.5380776810633308,False,episode_000090,8b50ade3d699984951736f0ef0e94b2421b2b53c90d7013d771f33503bb7e4e5
91,train,shards/shard_00001.h5,/episodes/episode_000091,121,True,none,2.42,6.016062629299995,0,90,128,True,0.5647091628290624,0.0659310445168618,53.22832604283536,0.14014590221936835,0.4598599546608909,0.35779448643396744,False,episode_000091,c153754c2c792e937570d5c8b113a3427e61fdf520621ce26e9150087d27524a
92,train,shards/shard_00001.h5,/episodes/episode_000092,120,True,none,2.4,6.160663077076606,0,91,128,True,0.5198844027044983,0.08261031675035427,87.59507646299187,0.14164456690676636,0.8010788693770987,0.7171130432634741,False,episode_000092,061f532dec7dbdac24a2d6ba6a36d9566f71cb239f98f866b723d3d33a047ebe
93,train,shards/shard_00001.h5,/episodes/episode_000093,119,True,none,2.38,6.042762469864101,0,92,128,True,0.48884503681073904,0.03775079520503566,-39.42192394126121,0.19951719196625012,0.6562028819937474,0.48544732951952574,False,episode_000093,d7b2a9fbc8d7c990d3fbdcde78d267d8a0f224c93d642d5c089be14b43a60252
94,train,shards/shard_00001.h5,/episodes/episode_000094,120,True,none,2.4,6.109976201851168,0,93,128,True,0.5077916195998484,0.1178706204580661,-5.138150989244224,0.17861111405761182,0.8070561108551244,0.7083651920752765,False,episode_000094,5660c4de6f779148001d4f5b43c8c698c3486784fe55226e45ee828b73ebf446
95,train,shards/shard_00001.h5,/episodes/episode_000095,120,True,none,2.4,5.955735440153148,0,94,128,True,0.5426379968582804,-0.049746551507894865,142.56481099458983,0.11724804986951416,0.7431868877264173,0.5823723102071167,False,episode_000095,781fdb697fe340a6c4946232f63d1c0d01983876bd3883422de8314189266178
96,train,shards/shard_00001.h5,/episodes/episode_000096,120,True,none,2.4,5.9867729229263205,0,95,128,True,0.565481737323719,-0.03002401565377366,-151.30897903966383,0.19743855845303643,0.4885976331455749,0.4492515031821123,False,episode_000096,277e4e85b41d214eedffa11a07b1c811fa0663e0d710ad7744c50ccd8afacbe0
97,train,shards/shard_00001.h5,/episodes/episode_000097,125,True,none,2.5,6.013392021712207,0,96,128,True,0.6194205555712571,0.1074735446900621,-62.59369580386091,0.1819051926318187,0.5328702416256248,0.4148451399253473,False,episode_000097,2d12184a52f8fab2512e1886466b7160a0a04ba5cc038c76e4463eac9b1a76b3
98,test,shards/shard_00001.h5,/episodes/episode_000098,122,True,none,2.44,6.13800602468018,0,97,128,True,0.585162038131134,0.022930682753223852,26.70406435097007,0.19010304579410964,0.7023598203054746,0.5576981556176622,False,episode_000098,f3073d912bcda421b390183f9d9911a2bd7d6743ebecb1eec6e523e9a9849707
99,train,shards/shard_00001.h5,/episodes/episode_000099,119,True,none,2.38,6.11438877006367,0,98,128,True,0.5325640382063267,-0.07341756404208508,-45.40243826009788,0.1092121307844629,0.6217535125318018,0.47201247996360596,False,episode_000099,0857d52f8fe95ce0299f4fbc6007ff70cb04a1ed909db06d3018c934e8530bec
100,train,shards/shard_00001.h5,/episodes/episode_000100,121,True,none,2.42,6.06616896876676,0,99,128,True,0.5838798366156517,0.04621482472651536,77.39348337798913,0.09288925981914062,0.7428829291687485,0.612548541998795,False,episode_000100,b86166e542f860a7e455292f37392e2ce70052be9e49d6026bab0657d25c15c2
101,train,shards/shard_00001.h5,/episodes/episode_000101,121,True,none,2.42,6.058875563488982,0,100,128,True,0.5751229311740893,-0.10030602240194438,85.4292596318727,0.06508907301006961,0.4714171546179373,0.4357696132338174,False,episode_000101,9e2e0980fd3de75aa2500b6b0a918c5f2a04a5ad331d1453802a5293e5525595
102,train,shards/shard_00001.h5,/episodes/episode_000102,120,True,none,2.4,6.131672554422039,0,101,128,True,0.5238230357315614,-0.012606434198435143,-149.03837018088703,0.06460865438853704,0.7067889210254372,0.5893600925748438,False,episode_000102,cf8aecdad0b24ba1c496778bd4869785bb983eaee075ae1548bb06eb962e1614
103,validation,shards/shard_00001.h5,/episodes/episode_000103,124,True,none,2.48,6.0570230099806395,0,102,128,True,0.6169395111845939,-0.11943750849447331,86.90292998655855,0.14568547484937744,0.7809013307801579,0.6505201026423907,False,episode_000103,6bfa22825739ab67f77199e0e2e240fd91ad14dbcaf0030a2b527e69778896f5
104,train,shards/shard_00001.h5,/episodes/episode_000104,120,True,none,2.4,6.214139179977792,0,103,128,True,0.5300581112558705,0.012693009184482462,-2.2540708701530434,0.19026635001596987,0.865058865043276,0.7095801323531686,False,episode_000104,fc0b039094ba734df271fe3d2ce72181a56b04c50d7c27b408e509dd761fa676
105,train,shards/shard_00001.h5,/episodes/episode_000105,120,True,none,2.4,6.048605470945404,0,104,128,True,0.515962673820404,0.02747560235129959,37.19907278889869,0.09686322199167735,0.8734322866338853,0.6478397543735819,False,episode_000105,aa7c2c066ed8b8e05a9c7b30a0b8b51ce17fdd753748d3ee0c11a6373271241f
106,train,shards/shard_00001.h5,/episodes/episode_000106,119,True,none,2.38,6.074695456934933,0,105,128,True,0.4821794709690973,0.008301141333287243,83.34309251236533,0.05578829696517204,0.7282159713763593,0.5155622870858857,False,episode_000106,ff7e2a653fce34253755afcbf182ee36f812acd65e839f0bf0c22723079145f6
107,train,shards/shard_00001.h5,/episodes/episode_000107,120,True,none,2.4,5.9621750789574435,0,106,128,True,0.510353968264576,-0.08684793688131395,39.453121523776645,0.18662806374685897,0.46397788811758606,0.4337444816098212,False,episode_000107,df9b6ab5c9ba902c71a4ace2f7c266cf452d1f56affdc53da38ed7947467aa3f
108,test,shards/shard_00001.h5,/episodes/episode_000108,120,True,none,2.4,6.137457450067814,0,107,128,True,0.5531916696658454,-0.06015388625588104,-8.269829645519309,0.09598410202037705,0.46851399253660314,0.40016455462130923,False,episode_000108,24d2648cf1a17034b27fcfc3d8d054202d51a05e013719564021206883cb0f88
109,train,shards/shard_00001.h5,/episodes/episode_000109,121,True,none,2.42,6.063395699340617,0,108,128,True,0.5660517110499329,-0.0073218155025300685,-124.33226840645551,0.15445420338952895,0.562380165025592,0.43937884537504973,False,episode_000109,9689725f78e1b08db459fd8df4bd2ada00ec8394a773a826e9fc6e3a16d33e29
110,test,shards/shard_00001.h5,/episodes/episode_000110,120,True,none,2.4,6.179403089184234,0,109,128,True,0.5097230522221478,0.07554069611124484,172.7666519646665,0.09019801208695369,0.6515499070805959,0.5073121584616519,False,episode_000110,1599246d568a5ecde3c6a10949ae5a4543e7b97b52c67c8521d324b1fbb3e0d2
111,train,shards/shard_00001.h5,/episodes/episode_000111,120,True,none,2.4,6.187770598799034,0,110,128,True,0.4913441545841316,0.05867773018894498,-102.86273256934028,0.1799649532489505,0.5213813498221108,0.44668223558465914,False,episode_000111,c7ca2f1376eebd9eba4389bb2957a15b4be192c68e09d64ecfa9b20e037285f6
112,train,shards/shard_00001.h5,/episodes/episode_000112,122,True,none,2.44,5.896523741979763,0,111,128,True,0.5699049865202601,-0.09669770893898992,38.922845125389216,0.13574442843837614,0.6343583959951853,0.4901012339441112,False,episode_000112,a6957cd797fa15e406ae4bea6f8efd59fe0e6bb013b4b6c8f95662e2254dfaad
113,train,shards/shard_00001.h5,/episodes/episode_000113,120,True,none,2.4,6.0827127419179305,0,112,128,True,0.546864544063665,0.10329978756804403,24.85326834414937,0.140711124976665,0.8093382393208985,0.5847318563868869,False,episode_000113,e8f586e1440fed08855dca46838bfa6559ae489a414df7eca88c4618cce5f9ed
114,test,shards/shard_00001.h5,/episodes/episode_000114,119,True,none,2.38,6.013962421695396,0,113,128,True,0.49034082049274497,0.07451868704158632,39.42283358176931,0.11827895907687011,0.7191511525399675,0.6484861656991319,False,episode_000114,8412e489acb6f5291dac95949689ba678af0a2c617263209a9cb1db0b2868f6c
115,validation,shards/shard_00001.h5,/episodes/episode_000115,120,True,none,2.4,6.075709393213401,0,114,128,True,0.5480495351970485,0.07145844823698397,-129.11593346650932,0.1890680041279354,0.48970759019177657,0.3829108904048389,False,episode_000115,093ecf6fa266f72e475bdc3c4322e15160b3b328f3792d212f266f9864a18422
116,train,shards/shard_00001.h5,/episodes/episode_000116,119,True,none,2.38,5.954222586444303,0,115,128,True,0.49068888031885066,-0.004486907988823244,-129.9771346135264,0.15047981797165366,0.4733154456665893,0.3823488050125152,False,episode_000116,80ff5b87f864f0075d9b210f05480bc98376a49ac276dbea8bef298869223280
117,validation,shards/shard_00001.h5,/episodes/episode_000117,123,True,none,2.46,6.116424540256958,0,116,128,True,0.6152294268188141,0.08099633568454123,-95.93579018640841,0.1686300734209324,0.4766377173118164,0.3647539565008853,False,episode_000117,0bff95923c38cbee2f6864a275c2d53aa18ef9e0af818126b9c5b4769cb32d8c
118,train,shards/shard_00001.h5,/episodes/episode_000118,119,True,none,2.38,6.170871192267441,0,117,128,True,0.5408991385631041,0.021847125012596114,93.97191375321307,0.19790206385192605,0.9151926762745359,0.8195755845296995,False,episode_000118,d91804068030ebea5cdf27748eee44242ff8599e05e22528446cccaa69c9bd61
119,train,shards/shard_00001.h5,/episodes/episode_000119,120,True,none,2.4,6.0225160219724785,0,118,128,True,0.5097833260178555,0.11495211023108162,-33.15791535567138,0.17471702430565664,0.864525465580771,0.6531930799043524,False,episode_000119,4c04a64d2c012960063e8a3e646974f0eb1302a4816c899162c2c6b70422e30b
120,train,shards/shard_00001.h5,/episodes/episode_000120,120,True,none,2.4,6.130954325453786,0,119,128,True,0.5504732958932264,-0.025657495728926977,-136.28130544095805,0.12760290649648337,0.5265086772263494,0.3888668406887372,False,episode_000120,95c4c0fa48e5a010ba0b47900fca27855ed91da6de633d498bdf13f9baf04d1d
121,train,shards/shard_00001.h5,/episodes/episode_000121,121,True,none,2.42,6.058865910958048,0,120,128,True,0.5883451056469027,0.051360919122517334,-107.54249806822416,0.19214291967659997,0.9417387215846975,0.7369638528110318,False,episode_000121,48990d3b83210b9e1104ed3c4d2368932c33bccd962c6da7fb518d9e7d69ba01
122,train,shards/shard_00001.h5,/episodes/episode_000122,122,True,none,2.44,6.075700419234636,0,121,128,True,0.6007172271769796,-0.0032538286203360467,64.46213893811549,0.07473575021430111,0.7794605548888291,0.6918044446984046,False,episode_000122,f68cccc16222b1da5d1604ccd6ea56084f0334a041c7b4e8db67917094700f4f
123,train,shards/shard_00001.h5,/episodes/episode_000123,122,True,none,2.44,6.046264427654023,0,122,128,True,0.5850851241829262,0.07195523816577967,31.46021171677279,0.10943436450176397,0.8310594825582843,0.6618119304962768,False,episode_000123,db5921222666ce25e90aa67487620a10e7f75188005f43866895f67db6fb37ad
124,train,shards/shard_00001.h5,/episodes/episode_000124,121,True,none,2.42,6.007912598290204,0,123,128,True,0.555907483921916,0.0002822279007279743,139.60675817486702,0.056392153287908614,0.511942791886388,0.4177980888150784,False,episode_000124,57b61b27f48b6eb770ce5276722fb859e947c750eaef03575bf522cc842923af
125,train,shards/shard_00001.h5,/episodes/episode_000125,120,True,none,2.4,6.003278940622295,0,124,128,True,0.5130445799773287,0.07249685906807474,-52.67130032718673,0.09825091727585919,0.7447826409241927,0.6805527891792913,False,episode_000125,802b2b94980881d4386b07deab872182e9dde7522c711c58d1b40513e32f00a4
126,train,shards/shard_00001.h5,/episodes/episode_000126,123,True,none,2.46,6.150196380885973,0,125,128,True,0.6151328230850613,-0.0030808978387221464,104.54753874479053,0.15957185671287485,0.7256338943772556,0.5718654684360126,False,episode_000126,bec5a8d0f7e2898ed327c5bd2430083b6a86a1c6ac83ffb868e48cc24c8f910d
127,train,shards/shard_00001.h5,/episodes/episode_000127,120,True,none,2.4,6.159423628474542,0,126,128,True,0.5080973488579312,0.07905211435627188,157.6720577883384,0.1064749306815849,0.8532817097758922,0.6764283969269873,False,episode_000127,224e367e5bfbd48188d23f494898c08ff15a9fa178351455498ad23eff9dcaa1
128,train,shards/shard_00001.h5,/episodes/episode_000128,120,True,none,2.4,6.097623382394886,0,127,128,True,0.5081545479724886,-0.11307983096976569,27.14457702143872,0.1897502276271768,0.9042824975097938,0.6501334180896715,False,episode_000128,fa893f45aa2b937dd979a62d55af75fb746d7eb19900c49d44561962b2aef5d2
